{"cameraMode":{"drawMode":0,"name":"Shaded","section":"Shading Mode"},"sceneLighting":true,"audioPlay":false,"sceneViewState":{"m_AlwaysRefresh":false,"showFog":true,"showSkybox":true,"showFlares":true,"showImageEffects":true,"showParticleSystems":true,"showVisualEffectGraphs":true,"m_FxEnabled":true},"in2DMode":false,"pivot":{"x":23.02117919921875,"y":3.1220455169677736,"z":-3.4465503692626955},"rotation":{"x":0.040892381221055987,"y":0.9493964314460754,"z":-0.13942062854766847,"w":0.27845993638038638},"size":13.608617782592774,"orthographic":false}